item_type,id,gsi_1_pk,gsi_1_sk,gsi_2_pk,gsi_2_sk,gsi_3_pk,gsi_3_sk,gsi_4_pk,gsi_4_sk,gsi_5_pk,gsi_5_sk,lsi_1,lsi_2,lsi_3,lsi_4,lsi_5,attribute1,attribute2,attribute3,attribute4,attribute5,attribute6,attribute7,attribute8,attribute9,attribute10,attribute11,attribute12,attribute13,attribute14,attribute15,attribute16,attribute17,attribute18,attribute19,attribute20,attribute21,attribute22,attribute23,attribute24,attribute25,attribute26,attribute27,attribute28,attribute29,attribute30,attribute31,attribute32,attribute33,attribute34
contact,CON-00102,CON-00102,,,,,,,,,,Berlin,Kyritz,20.06.1991,,,www.xyz-8301.com,Dr.,ad,Mr.,"{""Vorname"":""Winnie"",
  ""Nachname"": ""Kruger""}",likes to talk,"{""Straße"":""Elm Street"",
  ""Hausnummer"":""65"",
  ""PLZ"":""108301"",
  ""Ort"": ""Berlin""}","{""Straße"":""Second Street"",
  ""Hausnummer"":""122"",
  ""PLZ"":""12437"",
  ""Ort"": ""Kyritz""}",20.06.1991,germany@germany.com,030 12345,0049 176 22345678,030 84653740,Sales Manager,male,Golf,left wing,christ,Berlin,Kyritz,,,,,,,,,,,,,,
contact,CON-00103,CON-00103,,,,,,,,,,Frankfurt,Wiesbaden,23.07.1976,,,www.xyz-8301.com,Dr.,ad,Ms.,"{""Vorname"":""Stacey"",
  ""Nachname"": ""Smith""}",loves japanese kitchen,"{""Straße"":""Hauptstraße"",
  ""Hausnummer"":""99"",
  ""PLZ"":""108301"",
  ""Ort"": ""Frankfurt""}","{""Straße"":""Second Street"",
  ""Hausnummer"":""102"",
  ""PLZ"":""109887"",
  ""Ort"": ""Wiesbaden""}",19.06.1981,patrickreyes@example.org,030 12345,0049 176 22345678,030 237455374,CEO,male,Karate,centrist,moslem,Frankfurt,Wiesbaden,,,,,,,,,,,,,,
contact,CON-00104,CON-00104,,,,,,,,,,Kyritz,Kyritz,23.07.1976,,,www.xyz-8301.com,Dr.,ad,Ms.,"{""Vorname"":""Carlos"",
  ""Nachname"": ""Ortega""}",loves Football,"{""Straße"":""Feldmann Straße"",
  ""Hausnummer"":""102"",
  ""PLZ"":""104501"",
  ""Ort"": ""Kyritz""}","{""Straße"":""Sesam Street"",
  ""Hausnummer"":""76"",
  ""PLZ"":""109887"",
  ""Ort"": ""Kyritz""}",19.06.1986,carlos@example.org,030 12345,0049 176 22345678,030 237455374,CFO,male,Yu Gi Oh Card Game,Dataist,Jew,Kyritz,Kyritz,,,,,,,,,,,,,,
customer,CUS-00102,CUS-00102,,,,,,,,,,Winnie Kruger,,,,,"{""Vorname"":""Winnie"",
  ""Nachname"": ""Kruger""}",ORG-090001,www.xyz-8301.com,"{""Straße"":""Dunker Straße"",
  ""Hausnummer"":""14"",
  ""PLZ"":""12437"",
  ""Ort"": ""Berlin""}",loves Movies,yes,REP-9904756,mediocre relationship,CON-00001,CON-00011,CON-00111,2,Winnie Kruger,,,,,,,,,,,,,,,,,,,,,
customer,CUS-00103,CUS-00103,,,,,,,,,,Sarah Bench,,,,,"{""Vorname"":""Sarah"",
  ""Nachname"": ""Bench""}",ORG-090002,www.xyz-555.com,"{""Straße"":""Feldmann Straße"",
  ""Hausnummer"":""67"",
  ""PLZ"":""124009"",
  ""Ort"": ""Hamburg""}",Loves Bali,no,REP-9904757,excelent relationship,CON-00002,CON-00012,CON-00112,5,Sarah Bench,,,,,,,,,,,,,,,,,,,,,
customer,CUS-00104,CUS-00104,,,,,,,,,,Clara Bernot,,,,,"{""Vorname"":""Clara"",
  ""Nachname"": ""Bernot""}",,www.xyz-555.com,"{""Straße"":""Delmer Straße"",
  ""Hausnummer"":""57"",
  ""PLZ"":""124009"",
  ""Ort"": ""Malchin""}",Loves Cheesburger,yes,REP-9904757,excelent relationship,CON-00045,CON-00223,,5,Clara Bernot,,,,,,,,,,,,,,,,,,,,,
representative,REP-00234,REP-00234,,,,,,,,,,Berlin,Berlin,,,,ORG-09001,www.dge.de,"{""Straße"":""Hunker Straße"",
  ""Hausnummer"":""14"",
  ""PLZ"":""12445"",
  ""Ort"": ""Berlin""}","{""Straße"":""Denner Straße"",
  ""Hausnummer"":""9"",
  ""PLZ"":""12445"",
  ""Ort"": ""Berlin""}",CON-00001,CON-00011,CON-00111,Berlin,Berlin,,,,,,,,,,,,,,,,,,,,,,,,,
representative,REP-00235,REP-00235,,,,,,,,,,Malchin,Malchin,,,,ORG-09002,www.koskos.de,"{""Straße"":""Baselor Straße"",
  ""Hausnummer"":""34"",
  ""PLZ"":""10645"",
  ""Ort"": ""Malchin""}","{""Straße"":""Schneider Straße"",
  ""Hausnummer"":""54"",
  ""PLZ"":""10655"",
  ""Ort"": ""Malchin""}",CON-00002,CON-00012,CON-00112,Malchin,Malchin,,,,,,,,,,,,,,,,,,,,,,,,,
representative,REP-00236,REP-00236,,,,,,,,,,Kyritz,Kyritz,,,,,,"{""Straße"":""Zenker Straße"",
  ""Hausnummer"":""04"",
  ""PLZ"":""10645"",
  ""Ort"": ""Kyritz""}","{""Straße"":""Scheider Straße"",
  ""Hausnummer"":""14"",
  ""PLZ"":""10655"",
  ""Ort"": ""Kyritz""}",CON-00003,CON-00013,,Kyritz,Kyritz,,,,,,,,,,,,,,,,,,,,,,,,,
organisation,ORG-00102,ORG-00102,,,,,,,,,,Berlin,Kyritz,Hausverwaltung,,,Laren Hausverwaltung GmbH,HRB-66162B,GmbH,Hausverwaltung,www.xyz-8301.com,2005,Deutschland,"3,5",likes to talk,"{""Straße"":""Elm Street"",
  ""Hausnummer"":""65"",
  ""PLZ"":""108301"",
  ""Ort"": ""Berlin""}",Checkbox,"{""Straße"":""Second Street"",
  ""Hausnummer"":""122"",
  ""PLZ"":""12437"",
  ""Ort"": ""Kyritz""}",Berlin,Kyritz,,,,,,,,,,,,,,,,,,,,
organisation,ORG-00103,ORG-00103,,,,,,,,,,Frankfurt,Wiesbaden,Hausverwaltung,,,WBG Wiitstock GmbH,HRB-66162C,GmbH,Hausverwaltung,www.xyz-8301.com,1993,Deutschland,"1,3",likes to talk,"{""Straße"":""Hauptstraße"",
  ""Hausnummer"":""99"",
  ""PLZ"":""108301"",
  ""Ort"": ""Frankfurt""}",Checkbox,"{""Straße"":""Second Street"",
  ""Hausnummer"":""102"",
  ""PLZ"":""109887"",
  ""Ort"": ""Wiesbaden""}",Frankfurt,Wiesbaden,,,,,,,,,,,,,,,,,,,,
organisation,ORG-00104,ORG-00104,,,,,,,,,,Berlin,Berlin,Hausverwaltung,,,Haus Management GmbH,HRB-77162C,GmbH,Hausverwaltung,www.xyz-8301.com,1980,Deutschland,"2,5",likes to talk,"{""Straße"":""Trost Straße"",
  ""Hausnummer"":""99"",
  ""PLZ"":""108301"",
  ""Ort"": ""Berlin""}",Checkbox,"{""Straße"":""Second Street"",
  ""Hausnummer"":""102"",
  ""PLZ"":""109887"",
  ""Ort"": ""Berlin""}",Berlin,Berlin,,,,,,,,,,,,,,,,,,,,
customer_contract,ENC-000250,ENC-000250,,,,,,,,,,CUS-73665,BUI-304,Heat,REP#66576,2030-07-29T00:00:00.000Z,BUI-304,"{""Straße"":""Dunker Straße"",
  ""Hausnummer"":""04"",
  ""PLZ"":""10645"",
  ""Ort"": ""Kyritz""}","{""Vorname"":""Kruger"",
  ""Nachname"": ""Winnie""}",CUS-73665,Torsten Schulter,REP#66576,"{""Vorname"":""Kruger"",
  ""Nachname"": ""Winnie""}",2007-06-04T00:00:00.000Z,Heat,Pacht,2020-08-01T00:00:00.000Z,2030-07-29T00:00:00.000Z,Comment for this super wonderful contract #103,PAF#AP7756,"AP = APo*(0,2 + 0,8*HEL/HELo)",PAF#GP00045,"GP = GPo*(0,2 + 0,8*Index/Index)",61,annually,EUR/MWh,2,quarterly,EUR/kW,123,6,2016-03-23T00:00:00.000Z,no,2018-06-10T00:00:00.000Z,60,60,Comment for this super wonderful contract #103 term,end of year,,
customer_contract,ENC-000251,ENC-000251,,,,,,,,,,CUS-73666,BUI-305,Heat,REP#66577,2029-07-29T00:00:00.000Z,BUI-305,"{""Straße"":""Schlacht Straße"",
  ""Hausnummer"":""04"",
  ""PLZ"":""10645"",
  ""Ort"": ""Kyritz""}","{""Vorname"":""Steffani"",
  ""Nachname"": ""Britz""}",CUS-73666,Hausverwaltung GmbH,REP#66577,"{""Vorname"":""Steffani"",
  ""Nachname"": ""Britz""}",2008-06-04T00:00:00.000Z,Heat,Pacht,2019-08-01T00:00:00.000Z,2029-07-29T00:00:00.000Z,Comment for this super wonderful contract #104,PAF#AP7756,"AP = APo*(0,2 + 0,8*HEL/HELo)",PAF#GP00045,"GP = GPo*(0,2 + 0,8*Index/Index)",64,annually,EUR/MWh,3,quarterly,EUR/kW,110,6,2015-03-23T00:00:00.000Z,no,2017-06-10T00:00:00.000Z,60,60,Comment for this super wonderful contract #103 term,end of year,,
customer_contract,ENC-000252,ENC-000252,,,,,,,,,,CUS-73667,BUI-306,Heat,REP#66578,2029-07-29T00:00:00.000Z,BUI-306,"{""Straße"":""Tems Straße"",
  ""Hausnummer"":""04"",
  ""PLZ"":""10645"",
  ""Ort"": ""Kyritz""}","{""Vorname"":""Fabian"",
  ""Nachname"": ""Bertelson""}",CUS-73667,LAREN GmbH,REP#66578,"{""Vorname"":""Fabian"",
  ""Nachname"": ""Bertelson""}",2008-06-04T00:00:00.000Z,Heat,Pacht,2019-08-01T00:00:00.000Z,2029-07-29T00:00:00.000Z,Comment for this super wonderful contract #104,PAF#AP7756,"AP = APo*(0,2 + 0,8*HEL/HELo)",PAF#GP00045,"GP = GPo*(0,2 + 0,8*Index/Index)",75,annually,EUR/MWh,4,quarterly,EUR/kW,99,6,2015-03-23T00:00:00.000Z,no,2019-06-10T00:00:00.000Z,60,60,Comment for this super wonderful contract #103 term,end of year,,
customer_invoice,INV-000234-01-24-03,INV-000234-01-24-03,,,,,,,,,,CUS-00021,ENC-000234,2023-05-17,2023,,CUS-00021,ENC-000234,Robert Komi,"{""Straße"":""Dunker Straße"",
  ""Hausnummer"":""04"",
  ""PLZ"":""10645"",
  ""Ort"": ""Kyritz""}",Jahresrechnung Wärme,"4.302,57€",2023-05-17,2023,,,,,,,,,,,,,,,,,,,,,,,,,,
customer_invoice,INV-000224-03-24-08,INV-000224-03-24-08,,,,,,,,,,CUS-00022,ENC-000235,2023-08-18,2023,,CUS-00022,ENC-000235,Steffan Beleitz,"{""Straße"":""Schlacht Straße"",
  ""Hausnummer"":""04"",
  ""PLZ"":""10645"",
  ""Ort"": ""Kyritz""}",Jahresrechnung Wärme,"7.334,45€",2023-08-18,2023,,,,,,,,,,,,,,,,,,,,,,,,,,
customer_invoice,INV-000224-03-24-09,INV-000224-03-24-09,,,,,,,,,,CUS-00023,ENC-000236,2024-08-18,2024,,CUS-00023,ENC-000236,Torsten Demut,"{""Straße"":""Tems Straße"",
  ""Hausnummer"":""04"",
  ""PLZ"":""10645"",
  ""Ort"": ""Kyritz""}",Jahresrechnung Wärme,"8.634,45€",2024-08-18,2024,,,,,,,,,,,,,,,,,,,,,,,,,,
paf,PAF#AP-00023,PAF#AP-00023,,,,,,,,,,Arbeitspreis,Heizöl extra leicht,Heizöl extra leicht,Heizöl extra leicht,,Arbeitspreis,AP,"AP = APo*(0,2 + 0,8*HEL/HELo)",AP-Formel für Kyritz WBG,Heizöl extra leicht,IND#61261BV002#2002#MONAT12,50%,Heizöl extra leicht,IND#61261BV002#2002#MONAT12,30%,Heizöl extra leicht,IND#61261BV002#2002#MONAT12,20%,,,,ENC-000345,PAF#AP-00023,ENC-000345,,,,,,,,,,,,,,,
paf,PAF#GP-00334,PAF#GP-00334,,,,,,,,,,Grundpreis,Heizöl extra leicht,Heizöl extra leicht,Heizöl extra leicht,,Grundpreis,GP,"GP_neu = GP_o * (0,2 + 0,4 * (Lohnindex_neu/ Lohnindex_o) + 0,4 * (Investitionsgüterindex_neu/ Investitionsgüterindex_o))",GP-Formel für Kyritz WBG,Heizöl extra leicht,IND#61261BV002#2002#MONAT13,50%,Heizöl extra leicht,IND#61261BV002#2002#MONAT13,30%,Heizöl extra leicht,IND#61261BV002#2002#MONAT13,20%,,,,ENC-000346,PAF#GP-00334,ENC-000346,,,,,,,,,,,,,,,
paf,PAF#GP-00335,PAF#GP-00335,,,,,,,,,,Grundpreis,Fernwärmeindex,Lohnindex Energieversorgung,Instandhaltungsindex Heizungsanlagen,,Grundpreis,GP,"GP_neu = GP_o * (0,2 + 0,4 * (Lohnindex_neu/ Lohnindex_o) + 0,4 * (Investitionsgüterindex_neu/ Investitionsgüterindex_o))",GP-Formel für Kyritz WBG,Fernwärmeindex,IND#61241BM007#2002#MONAT02,50%,Lohnindex Energieversorgung,IND#62221BV001#2002#Q1,30%,Instandhaltungsindex Heizungsanlagen,IND#61261BV002#2002#Q1,20%,,,,ENC-000346,PAF#GP-00334,ENC-000346,,,,,,,,,,,,,,,
index,IND#61241BM007#2023#MONAT10,IND#61241BM007#2023#MONAT10,,,,,,,,,,61241BM007,Monthly,2021=100,,,2023,Monthly,"36,2",61241BM007,GP19N1,,,GP19-161025030,,,2021=100,,,,,,,,,,,,,,,,,,,,,,,
index,IND#61261BV002#2022#Q2,IND#61261BV002#2022#Q2,,,,,,,,,,61261BV002,Quarter,2015=100,,,2022,Quarter,"36,2",61261BV002,STEMW1,BAUIN2,BAUIN1,STEMW1,BPI4,BPNB525,2015=100,,,,,,,,,,,,,,,,,,,,,,,
index,IND#62221BV001#2021#Q1,IND#62221BV001#2021#Q1,,,,,,,,,,62221BV001,Quarter,2020=100,,,2021,Quarter,"36,2",62221BV001,WZ08C7,,,WZ08-D,,,2020=100,,,,,,,,,,,,,,,,,,,,,,,
budget,BUD#000234#2024#jan,BUD#000234#2024#jan,,,,,,,,,,ENC-000234,2024,,,,ENC-000234,January,2024,Heat,300,666,,,,,,,,,,,,,,,,,,,,,,,,,,,,
budget,BUD#000432#2024#jun,BUD#000432#2024#jun,,,,,,,,,,ENC-000432,2024,,,,ENC-000432,June,2024,Heat,750,1300,,,,,,,,,,,,,,,,,,,,,,,,,,,,
budget,BUD#000433#2024#mar,BUD#000433#2024#mar,,,,,,,,,,ENC-000433,2024,,,,ENC-000433,March,2024,Heat,1010,1700,,,,,,,,,,,,,,,,,,,,,,,,,,,,
fuel_price, ELP#Elt#2024#jan, ELP#Elt#2024#jan,,,,,,,,,,2024,,,,,January,2024,Elt,122,EUR/Tonne,,,,,,,,,,,,,,,,,,,,,,,,,,,,,
fuel_price, ELP#Gas#2024#jan, ELP#Gas#2024#jan,,,,,,,,,,2024,,,,,January,2024,Gas,122,EUR/Tonne,,,,,,,,,,,,,,,,,,,,,,,,,,,,,
fuel_price, ELP#Bio#2024#jan, ELP#Bio#2024#jan,,,,,,,,,,2024,,,,,January,2024,Bio,122,EUR/Tonne,,,,,,,,,,,,,,,,,,,,,,,,,,,,,
concession,CONC#Elt#T#01,CONC#Elt#T#01,,,,,,,,,,Tarifkunden,,,,,Tarifkunden,25.000,ct/kWh,Strom,"1,32",ct/kWh,,,,,,,,,,,,,,,,,,,,,,,,,,,,
concession,CONC#Gas#S#01,CONC#Gas#S#01,,,,,,,,,,Sondertarif,,,,,Sondertarif,5.000.000,ct/kWh,Gas,"0,03",ct/kWh,,,,,,,,,,,,,,,,,,,,,,,,,,,,
concession,CONC#Gas#S#02,CONC#Gas#S#02,,,,,,,,,,Sondertarif,,,,,Sondertarif,10.000.000,ct/kWh,Gas,"0,02",ct/kWh,,,,,,,,,,,,,,,,,,,,,,,,,,,,
co2price,CO2#2020,CO2#2020,,,,,,,,,,,,,,,19,EUR/Tonne,,,,,,,,,,,,,,,,,,,,,,,,,,,,,,,,
co2price,CO2#2021,CO2#2021,,,,,,,,,,,,,,,20,EUR/Tonne,,,,,,,,,,,,,,,,,,,,,,,,,,,,,,,,
co2price,CO2#2022,CO2#2022,,,,,,,,,,,,,,,22,EUR/Tonne,,,,,,,,,,,,,,,,,,,,,,,,,,,,,,,,
co2price,CO2#2023,CO2#2023,,,,,,,,,,,,,,,25,EUR/Tonne,,,,,,,,,,,,,,,,,,,,,,,,,,,,,,,,
co2price,CO2#2024,CO2#2024,,,,,,,,,,,,,,,27,EUR/Tonne,,,,,,,,,,,,,,,,,,,,,,,,,,,,,,,,
nne,NNE#zone1#2024#rlm,NNE#zone1#2024#rlm,,,,,,,,,,Gas,2024,,,,Gas,2024,RLM,NBB,Zone_1,kWh,1,2.000.000,-,"0,427",ct/kWh,-,EUR/Jahr,,,,,,,,,,,,,,,,,,,,,
nne,NNE#zone2#2023#rlm,NNE#zone2#2023#rlm,,,,,,,,,,Gas,2024,,,,Gas,2024,RLM,EDIS,Zone_2,kWh,1,10.000.000,-,"0,327",ct/kWh,-,EUR/Jahr,,,,,,,,,,,,,,,,,,,,,
nne,NNE#zone3#2023#slp,NNE#zone3#2023#slp,,,,,,,,,,Gas,2024,,,,Gas,2024,RLM,NBB,Zone_3,kWh,1,50.000.000,-,"0,227",ct/kWh,-,EUR/Jahr,,,,,,,,,,,,,,,,,,,,,
building,BUI-55509,BUI-55509,,,,,,,,,,CUS-00495,ENC-84635,Wiesbaden,industry building,58,Siemensvilla,CUS-00495,ENC-84635,industry building,1965,1566,58,1,16,"{""Straße"":""Second Street"",
  ""Hausnummer"":""102"",
  ""PLZ"":""109887"",
  ""Ort"": ""Wiesbaden""}",Wiesbaden,Some beautiful building #304,,,,,,,,,,,,,,,,,,,,,,
building,BUI-55510,BUI-55510,,,,,,,,,,CUS-00496,ENC-84636,Wiesbaden,industry building,23,,CUS-00496,ENC-84636,industry building,1999,800,23,2,12,"{""Straße"":""Second Street"",
  ""Hausnummer"":""102"",
  ""PLZ"":""109887"",
  ""Ort"": ""Wiesbaden""}",Wiesbaden,Some beautiful building #304,,,,,,,,,,,,,,,,,,,,,,
building,BUI-55511,BUI-55511,,,,,,,,,,CUS-00497,ENC-84637,Malchin,industry building,19,,CUS-00497,ENC-84637,industry building,2003,1500,19,1,9,"{""Straße"":""Kleber Street"",
  ""Hausnummer"":""102"",
  ""PLZ"":""109887"",
  ""Ort"": ""Malchin""}",Malchin,Some beautiful building #304,,,,,,,,,,,,,,,,,,,,,,
entrance,ENT-00023,ENT-00023,,,,,,,,,,BUI-00304,,,,,BUI-00304,"""{""""Straße"""":""""Feldmann Straße"""",
 """"Hausnummer"""":""""67"""",
 """"PLZ"""":""""124009"""",
 """"Ort"""": """"Hamburg""""}""",Infos zum Eingang,,,,,,,,,,,,,,,,,,,,,,,,,,,,,,,
entrance,ENT-00024,ENT-00024,,,,,,,,,,BUI-55510,,,,,BUI-55510,"""{""""Straße"""":""""Dormann Straße"""",
 """"Hausnummer"""":""""67"""",
 """"PLZ"""":""""124009"""",
 """"Ort"""": """"Berlin""""}""",Infos zum Eingang,,,,,,,,,,,,,,,,,,,,,,,,,,,,,,,
entrance,ENT-00025,ENT-00025,,,,,,,,,,BUI-55511,,,,,BUI-55511,"""{""""Straße"""":""""Kluster Straße"""",
 """"Hausnummer"""":""""55"""",
 """"PLZ"""":""""10119"""",
 """"Ort"""": """"Hamburg""""}""",Infos zum Eingang,,,,,,,,,,,,,,,,,,,,,,,,,,,,,,,
meterpoint,MPID#P-00002-01-MG-001#BUI-00001,MPID#P-00002-01-MG-001#BUI-00001,,,,,,,,,,Potsdam,G02,P-00002,BUI-00001,,BUI-00001,P-00002,50060880710,"""{""""Straße"""":""""Hunker Straße"""",
 """"Hausnummer"""":""""14"""",
 """"PLZ"""":""""12445"""",
 """"Ort"""": """"Potsdam""""}""",Potsdam,Gas,G02,direct_counting,P-00002-01-MG-001,,,,,,,,,,,,,,,,,,,,,,,,,
meterpoint,MPID#P-00345-01-MG-001#BUI-00002,MPID#P-00345-01-MG-001#BUI-00002,,,,,,,,,,Berlin,W01,P-00003,BUI-00002,,BUI-00002,P-00003,50060880710,"""{""""Straße"""":""""Kurfürstendamm"""",
 """"Hausnummer"""":""""14"""",
 """"PLZ"""":""""12445"""",
 """"Ort"""": """"Berlin""""}""",Berlin,Heat,W01,direct_counting,P-00345-01-MG-001,,,,,,,,,,,,,,,,,,,,,,,,,
meterpoint,MPID#P-00223-01-MG-001#BUI-00003,MPID#P-00223-01-MG-001#BUI-00003,,,,,,,,,,Kyritz,W01,P-00004,BUI-00003,,BUI-00003,P-00004,50060880710,"""{""""Straße"""":""""Semmlerweg"""",
 """"Hausnummer"""":""""14"""",
 """"PLZ"""":""""12445"""",
 """"Ort"""": """"Kyritz""""}""",Kyritz,Heat,W01,direct_counting,P-00223-01-MG-001,,,,,,,,,,,,,,,,,,,,,,,,,
meter,M#G000140#2026#MWh,M#G000140#2026#MWh,,,,,,,,,,MPID#P-00002-01-MG-001#BUI-00001,W01,Potsdam,BUI-00001,Ja,MPID#P-00002-01-MG-001#BUI-00001,POD-00002-01,BUI-00001,"""{""""Straße"""":""""Hunker Straße"""",
 """"Hausnummer"""":""""14"""",
 """"PLZ"""":""""12445"""",
 """"Ort"""": """"Potsdam""""}""",Potsdam,Stromunterzähler vorhanden,Heizraum,Heat,W01,Gesamtwärmelieferung,vom Lieferanten,digital,10041641,3102531,OK,01.08.2000,Quantity meter,Kamstrup,Multical 402,ultrasonic,5,2026,30,MWh,Ja,4,M-Bus,Gewinde,DN50,6,"5,4",28,SLP,Nice Comment
meter,M#W00023#2026#MWh,M#W00023#2026#MWh,,,,,,,,,,MPID#P-00345-01-MG-001#BUI-00002,K01,Kyritz,BUI-00002,Nein,MPID#P-00345-01-MG-001#BUI-00002,POD-00002-02,BUI-00002,"""{""""Straße"""":""""Hunker Straße"""",
 """"Hausnummer"""":""""14"""",
 """"PLZ"""":""""12445"""",
 """"Ort"""": """"Kyritz""""}""",Kyritz,Stromunterzähler vorhanden,Techn. Betriebsraun,Cold_Water,K01,Gesamtwärmelieferung,vom Lieferanten,digital,7E9567565,3102531,OK,02.08.2000,Quantity meter,Eltako,C11H,Balgenzähler,"1,5",2024,20,kWh,Nein,5,nein,Flansch,DN100,7,"6,3",24,RLM,Good Comment
meter,M#W00345#2026#MWh,M#W00345#2026#MWh,,,,,,,,,,MPID#P-00223-01-MG-001#BUI-00003,G01,Berlin,BUI-00003,Ja,MPID#P-00223-01-MG-001#BUI-00003,POD-00002-03,BUI-00003,"""{""""Straße"""":""""Hunker Straße"""",
 """"Hausnummer"""":""""14"""",
 """"PLZ"""":""""12445"""",
 """"Ort"""": """"Berlin""""}""",Berlin,Stromunterzähler vorhanden,Zählerraum,Gas,G01,Gesamtwärmelieferung,vom Lieferanten,analog,947364546,3102531,OK,03.08.2000,Quantity meter,Elster,7CA54 61,Mechanisch,"1,5",2024,25,m³,Ja,6,Funk/M-Bus,Gewinde,DN40,8,"4,6",21,SLP,Bad Comment
reading,READ#G000127#2021#Jan,READ#G000127#2021#Jan,,,,,,,,,,MPID#P-00001-01-MG-002#G02,Januar,ENC-000123,,,MPID#P-00001-01-MG-002#G02,BUI-00001,Gas,Januar,2021,10041641,"422.098,00",m³,2021-01-24 12:00:00,Sauter,G000140,ENC-000123,Ja,,,,,,,,,,,,,,,,,,,,,
reading,READ#W000774#2022#Apr,READ#W000774#2022#Apr,,,,,,,,,,MPID#P-00345-01-MG-001#BUI-00002,April,ENC-000124,,,MPID#P-00345-01-MG-001#BUI-00002,BUI-00002,Heat,April,2022,7E9567565,"123,34",kWh,2022-04-25 12:00:00,Strohtmann,W000774,ENC-000124,Nein,,,,,,,,,,,,,,,,,,,,,
reading,READ#W000333#2023#Oct,READ#W000333#2023#Oct,,,,,,,,,,MPID#P-00223-01-MG-001#BUI-00003,October,ENC-000125,,,MPID#P-00223-01-MG-001#BUI-00003,BUI-00003,Heat,October,2023,947364546,"3342,34",MWh,2023-10-26 12:00:00,Eluh,W000333,ENC-000125,Nein,,,,,,,,,,,,,,,,,,,,,
meterintervention,MEINT#2022#Jan#installation,MEINT#2022#Jan#installation,,,,,,,,,,MPID#P-00001-01-MG-002,meter_replacement,Heat,W000151,Sauter,BUI-00001,MPID#P-00001-01-MG-002,"""{""""Straße"""":""""Semmlerweg"""",
 """"Hausnummer"""":""""14"""",
 """"PLZ"""":""""12445"""",
 """"Ort"""": """"Kyritz""""}""",2022-01-28 12:00:00,meter_replacement,Heat,10041641,W000140,3.303,4458803,W000151,0,Sauter,,,,,,,,,,,,,,,,,,,,,
meterintervention,MEINT#2023#Jan#replacement,MEINT#2023#Jan#replacement,,,,,,,,,,MPID#P-00001-01-MG-003,first_meter_installation,Heat,W000152,Strohtmann,BUI-00002,MPID#P-00001-01-MG-003,"""{""""Straße"""":""""Saten Straße"""",
 """"Hausnummer"""":""""14"""",
 """"PLZ"""":""""12445"""",
 """"Ort"""": """"Potsdam""""}""",2023-01-29 12:00:00,first_meter_installation,Heat,7E9567565,W000141,3.303,4458803,W000152,0,Strohtmann,,,,,,,,,,,,,,,,,,,,,
meterintervention,MEINT#2022#Jan#decommissioned,MEINT#2022#Jan#decommissioned,,,,,,,,,,MPID#P-00001-01-MG-004,meter_decommissioning,Heat,W000153,Eluh,BUI-00003,MPID#P-00001-01-MG-004,"""{""""Straße"""":""""Troststraße"""",
 """"Hausnummer"""":""""14"""",
 """"PLZ"""":""""12445"""",
 """"Ort"""": """"Berlin""""}""",2022-01-30 12:00:00,meter_decommissioning,Heat,947364546,W000142,3.303,4458803,W000153,3045,Eluh,,,,,,,,,,,,,,,,,,,,,
consumption,CON#2023#Oct#P-00002-01-MG-001,CON#2023#Oct#P-00002-01-MG-001,,,,,,,,,,MPID#P-00001-01-MG-002,W01,10,,,W000151,MPID#P-00001-01-MG-002,30.10.2023,kWh,"{""Straße"":""Goringstraße"",
 ""Hausnummer"":""3"",
 ""PLZ"":""10119"",
 ""Ort"": ""Kyritz""}",W01,120 kWh,420 kWh,ENC-000345,10,2023,BUI-00001,,,,,,,,,,,,,,,,,,,,,,
consumption,CON#2022#Oct#P-00456-01-MG-001,CON#2022#Oct#P-00456-01-MG-001,,,,,,,,,,MPID#P-00001-01-MG-003,W01,10,,,W000152,MPID#P-00001-01-MG-003,27.10.2022,MWh,"{""Straße"":""Goringstraße"",
 ""Hausnummer"":""3"",
 ""PLZ"":""10119"",
 ""Ort"": ""Potsdam""}",W01,121 kWh,421 kWh,ENC-000346,10,2022,BUI-00002,,,,,,,,,,,,,,,,,,,,,,
consumption,CON#2022#Nov#P-00033-01-MG-001,CON#2022#Nov#P-00033-01-MG-001,,,,,,,,,,MPID#P-00001-01-MG-004,G01,11,,,W000153,MPID#P-00001-01-MG-004,28.11.2022,m³,"{""Straße"":""Goringstraße"",
 ""Hausnummer"":""3"",
 ""PLZ"":""10119"",
 ""Ort"": ""Malchin""}",G01,122 kWh,422 kWh,ENC-000347,11,2022,BUI-00003,,,,,,,,,,,,,,,,,,,,,,
maintenance,MAIN#P00234#2024#Jan,MAIN#P00234#2024#Jan,,,,,,,,,,2024,XYZ Gmbh,P-00234,"3434,22",,P-00234,2024,15.01.2024,XYZ Gmbh,Holger Tritt,"3434,22",ja,ja,15.02.2024,INVSX-000234-01-24-03,No Comment,,,,,,,,,,,,,,,,,,,,,,,
maintenance,MAIN#P00344#2023#Jan,MAIN#P00344#2023#Jan,,,,,,,,,,2023,Sauter GmbH,P-00344,"2123,34",,P-00344,2023,04.01.2023,Sauter GmbH,Steffan Grütz,"2123,34",nein,nein,04.02.2023,INVSX-000234-01-24-04,Good Maintenance,,,,,,,,,,,,,,,,,,,,,,,
maintenance,MAIN#P00764#2023#Oct,MAIN#P00764#2023#Oct,,,,,,,,,,2023,JAVIS GmbH,P-00764,"1234,45",,P-00764,2023,12.10.2023,JAVIS GmbH,Timo Unger,"1234,45",ja,nein,12.11.2023,INVSX-000234-01-24-05,Bad Maintenance,,,,,,,,,,,,,,,,,,,,,,,
repair,FIX#P00234#2024#Jan,FIX#P00234#2024#Jan,,,,,,,,,,2024,XYZ Gmbh,Breakdown,15.02.2024,,P-00234,2024,15.01.2024,XYZ Gmbh,Peter Maurer,Brenner,BUR-00001,BUR-00002,"233,44",Breakdown,"3434,22",ja,ja,15.02.2024,Eren Jäger,INVSX-000234-01-24-03,No Comment,,,,,,,,,,,,,,,,,
repair,FIX#P00344#2023#Jan,FIX#P00344#2023#Jan,,,,,,,,,,2023,Sauter GmbH,Clogged,04.02.2023,,P-00344,2023,04.01.2023,Sauter GmbH,Timo GUlla,Pumpe,PU-00001,PU-00002,"270,44",Clogged,"1345,95",ja,nein,04.02.2023,Mikasa Ackermann,INVSX-000234-01-24-04,Good Repair,,,,,,,,,,,,,,,,,
repair,FIX#P00764#2023#Oct,FIX#P00764#2023#Oct,,,,,,,,,,2023,JAVIS GmbH,Breakdown,12.11.2023,,P-00764,2023,12.10.2023,JAVIS GmbH,Dennis Can,Wärmetauscher,HX-00007,HX-00008,"3433,44",Breakdown,"1899,95",nein,nein ,12.11.2023,Berthold Neumann,INVSX-000234-01-24-05,Bad Repair,,,,,,,,,,,,,,,,,
pod_inspection,INSP#P00234#2024#Jan,INSP#P00234#2024#Jan,,,,,,,,,,2024,XYZ Gmbh,19.07.2024,,,"1456,95",15.01.2024,2024,CON-00659,Shahida Ahlebrandt,INSP-21000001,XYZ Gmbh,I18N-002052,INV-19000001,2,P-00006,Berlin,Shahida Ahlebrandt,19.07.2024,CON-00659,I18N-00058,SUP-80563,Maxim The Pooh,1682047882,,,,,,,,,,,,,,,
pod_inspection,INSP#P00344#2023#Jan,INSP#P00344#2023#Jan,,,,,,,,,,2023,Sauter GmbH,04.02.2023,,,"1223,95",08.01.2023,2023,CON-00660,Erik Dubre,INSP-21000002,Sauter GmbH,I18N-002053,INV-19000002,3,P-00007,Hamburg,Erik Dubre,04.02.2023,CON-00660,I18N-00059,SUP-80564,The Supplier GmbH,1682047882,,,,,,,,,,,,,,,
pod_inspection,INSP#P00764#2023#Oct,INSP#P00764#2023#Oct,,,,,,,,,,2023,JAVIS GmbH,12.11.2023,,,"1022,95",23.10.2023,2023,CON-00661,Karl Es,INSP-21000003,JAVIS GmbH,I18N-002054,INV-19000003,4,P-00008,Potsdam,Karl Es,12.11.2023,CON-00661,I18N-00060,SUP-80565,Online Shop Tekken GmbH,1682047882,,,,,,,,,,,,,,,
revision,POD#REV#DN-00002-01-04#2024#Jan,POD#REV#DN-00002-01-04#2024#Jan,,,,,,,,,,,,,,,comment,15.01.2024,CON-00659,Shahida Ahlebrandt,,,,,,,,,,,,,,,,,,,,,,,,,,,,,,
revision,POD#REV#DN-00003-01-04#2023#Jan,POD#REV#DN-00003-01-04#2023#Jan,,,,,,,,,,,,,,,comment,08.01.2023,CON-00660,Erik Dubre,,,,,,,,,,,,,,,,,,,,,,,,,,,,,,
revision,POD#REV#DN-00004-01-04#2023#Oct,POD#REV#DN-00004-01-04#2023#Oct,,,,,,,,,,,,,,,comment,23.10.2023,CON-00661,Karl Es,,,,,,,,,,,,,,,,,,,,,,,,,,,,,,
pod_status_report,STATR#P00234#2024#Jan,STATR#P00234#2024#Jan,,,,,,,,,,,,,,,08.01.2024,I18N-00058,CON-27384,Mike Maroon,01.09.2023,CON-00564,Mike Maroon,12.09.2023,P00001,I18N-00063,I18N-00302,"""text""",I18N-00063,,,,,,,,,,,,,,,,,,,,,
pod_status_report,STATR#P00344#2023#Jan,STATR#P00344#2023#Jan,,,,,,,,,,,,,,,15.01.2023,I18N-00059,CON-27385,Shahida Ahlebrandt,01.02.2023,CON-00565,Mike Maroon,17.01.2023,P00002,I18N-00064,I18N-00303,"""text""",I18N-00064,,,,,,,,,,,,,,,,,,,,,
pod_status_report,STATR#P00764#2023#Oct,STATR#P00764#2023#Oct,,,,,,,,,,,,,,,02.10.2023,I18N-00060,CON-27386,Erik Dubre,08.10.2023,CON-00566,Mike Maroon,05.10.2023,P00003,I18N-00065,I18N-00304,"""text""",I18N-00065,,,,,,,,,,,,,,,,,,,,,
supplier,SUP-00102,SUP-00102,,,,,,,,,,Elektrofirma,,,,,www.xyz-8301.com,Organisation,Elektrofirma,Elektrik GmbH,ORG-090001,"{""Straße"":""Goringstraße"",
 ""Hausnummer"":""3"",
 ""PLZ"":""10119"",
 ""Ort"": ""Malchin""}","{""Straße"":""Goringstraße"",
 ""Hausnummer"":""3"",
 ""PLZ"":""10119"",
 ""Ort"": ""Malchin""}",likes to talk,yes,CON-00001,,,2,,,,,,,,,,,,,,,,,,,,,
supplier,SUP-00103,SUP-00103,,,,,,,,,,Elektriker,,,,,www.xyz-8301.com,Einzelkunde,Elektriker,Peter Müller,,"{""Straße"":""Goringstraße"",
 ""Hausnummer"":""3"",
 ""PLZ"":""10119"",
 ""Ort"": ""Kyritz""}","{""Straße"":""Goringstraße"",
 ""Hausnummer"":""3"",
 ""PLZ"":""10119"",
 ""Ort"": ""Kyritz""}",likes Suhsi,no,CON-00002,CON-00022,,3,,,,,,,,,,,,,,,,,,,,,
supplier,SUP-00104,SUP-00104,,,,,,,,,,Fachhandel,,,,,www.xyz-8301.com,Organisation,Fachhandel,Fachhandel GmbH,ORG-090002,"{""Straße"":""Goringstraße"",
 ""Hausnummer"":""3"",
 ""PLZ"":""10119"",
 ""Ort"": ""Potsdam""}","{""Straße"":""Goringstraße"",
 ""Hausnummer"":""3"",
 ""PLZ"":""10119"",
 ""Ort"": ""Potsdam""}",likes Suhsi,yes,CON-00003,,,4,,,,,,,,,,,,,,,,,,,,,
supplier_contract,SX-00023,SX-00023,,,,,,,,,,Bauvertrag,ja,30.11.2026,,,Bauvertrag,12.08.2023,Miller,12,01.09.2023,9,ja,12,nein,30.11.2026,Infos zum Eingang,,,,,,,,,,,,,,,,,,,,,,,
supplier_contract,SX-00024,SX-00024,,,,,,,,,,Dienstleistungsvertrag,nein,30.09.2027,,,Dienstleistungsvertrag,13.08.2022,Peters,12,01.09.2023,9,nein,12,nein,30.09.2027,Nice Comment,,,,,,,,,,,,,,,,,,,,,,,
supplier_contract,SX-00025,SX-00025,,,,,,,,,,Bauvertrag,ja,01.10.2027,,,Bauvertrag,23.04.2022,Oskret,12,01.05.2022,9,ja,12,ja,01.10.2027,Bad Comment,,,,,,,,,,,,,,,,,,,,,,,
supplier_invoice,INVSX-000234-01-24-03,INVSX-000234-01-24-03,,,,,,,,,,SUP-00102,ENC-000234,17.05.2023,2023,,SUP-00102,ENC-000234,Robert Komi,"{""Straße"":""Goringstraße"",
 ""Hausnummer"":""3"",
 ""PLZ"":""10119"",
 ""Ort"": ""Malchin""}",Reparatur von XCZ,"4.302,57€",17.05.2023,2023,,,,,,,,,,,,,,,,,,,,,,,,,,
supplier_invoice,INVSX-000234-01-24-04,INVSX-000234-01-24-04,,,,,,,,,,SUP-00103,ENC-000235,23.09.2022,2022,,SUP-00103,ENC-000235,Torsten Graus,"{""Straße"":""Goringstraße"",
 ""Hausnummer"":""3"",
 ""PLZ"":""10119"",
 ""Ort"": ""Frankfurt""}",Reparatur von XCZ,"550,95€",23.09.2022,2022,,,,,,,,,,,,,,,,,,,,,,,,,,
supplier_invoice,INVSX-000234-01-24-05,INVSX-000234-01-24-05,,,,,,,,,,SUP-00104,ENC-000236,12.09.2023,2023,,SUP-00104,ENC-000236,Demetri Zymker,"{""Straße"":""Goringstraße"",
 ""Hausnummer"":""3"",
 ""PLZ"":""10119"",
 ""Ort"": ""Potsdam""}",Reparatur von XCZ,"10.067,98€",12.09.2023,2023,,,,,,,,,,,,,,,,,,,,,,,,,,
pod, P-00102, P-00102,,,,,,,,,,BUI-00001,,,,,pod,P-00102,"""{""""Straße"""":""""Oranienburger Straße"""", """"Hausnummer"""":""""12"""", """"PLZ"""":""""100119"""", """"Ort"""": """"Berlin""""}""",BUI-00001,“This is a comment”,I18N-00230,,,,,,,,,,,,,,,,,,,,,,,,,,,,
pod, P-00103, P-00103,,,,,,,,,,BUI-00002,,,,,pod,P-00103,"""{""""Straße"""":""""Nelken Straße"""", """"Hausnummer"""":""""12"""", """"PLZ"""":""""100119"""", """"Ort"""": """"Kyritz""""}""",BUI-00002,“This is a comment”,I18N-00231,,,,,,,,,,,,,,,,,,,,,,,,,,,,
pod, P-00104, P-00104,,,,,,,,,,BUI-00003,,,,,pod,P-00104,"""{""""Straße"""":""""Feldmann Straße"""", """"Hausnummer"""":""""12"""", """"PLZ"""":""""100119"""", """"Ort"""": """"Hamburg""""}""",BUI-00003,“This is a comment”,I18N-00232,,,,,,,,,,,,,,,,,,,,,,,,,,,,
distribution_network,DN-00001,DN-00001,,,,,,,,,,P-00001,,,,,DN-00001,I18N-00074,BUI-00001,Oraniendamm 6-10,I18N-00121,Type 1,Type 1,400m,Kupfer,P-00001,I18N-00067,,,,,,,,,,,,,,,,,,,,,,,
distribution_network,DN-00002,DN-00002,,,,,,,,,,P-00002,,,,,DN-00002,I18N-00075,BUI-00002,Nelkens Straße 12,I18N-00122,Type 2,Type 2,700m,Gummi,P-00002,I18N-00068,,,,,,,,,,,,,,,,,,,,,,,
distribution_network,DN-00003,DN-00003,,,,,,,,,,P-00003,,,,,DN-00003,I18N-00076,BUI-00003,Feldmann Straße 23,I18N-00123,Type 3,Type 3,1200m,Gold,P-00003,I18N-00069,,,,,,,,,,,,,,,,,,,,,,,
distribution_block,DB-00001,DB-00001,,DN-00001,component,P-00001,component,,,,,BUI-00001,P-00001,DN-00001,,,distribution_block,12.03.2023,"330,00€",23.03.2029,Eluh,"290,00€",I18N-01391,BUI-00001,2002-01-01T00:00:00.000Z,I18N-00194,I18N-001241,DN-00001,I18N-00088,P-00001,#NA_data,component,,,,,,,,,,,,,,,,,,
district_heating_station,DHS-00001,DHS-00001,,DN-00001,component,P-00001,component,,,,,BUI-00001,P-00001,DN-00001,,,DHS-00001,12.03.2024,"440,00€",09.03.2024,Eluh,"290,00€",I18N-01391,09.04.2029,BUI-00001,I18N-00194,DN-00001,I18N-00681,I18N-00689,,I18N-00110,33,6,44,I18N-001081,7,I18N-00541,P-00001,124324,01.05.2025,123k321,component,,,,,,,,
actuator,ACT-00001,ACT-00001,,DN-00001,component,P-00001,component,,,,,BUI-00001,P-00001,DN-00001,,,I18N-001163,I18N-00116,04.12.2023,"350,00€",28.11.2023,Eluh,"290,00€",I18N-01391,30.11.2029,BUI-00001,I18N-00190,DN-00001,I18N-00623,P-00001,S857HDT665,component,,,,,,,,,,,,,,,,,,
boiler,BOI-00001,BOI-00001,,DN-00001,component,P-00001,component,,,,,BUI-00001,P-00001,DN-00001,,,14.05.2023,"330,00€",01.05.2023,Eluh,"290,00€",I18N-01391,30.05.2029,1122,#NA_data,I18N-00013,#NA_data,I18N-00057,95,748,#NA_data,#NA_data,#NA_data,I18N-00058,#NA_data,I18N-00058,I18N-00076,#NA_data,#NA_data,I18N-00057,“This is a comment”,#NA_data,BUI-00001,I18N-00191,DN-00001,I18N-00086,P-00001,S665T6DG,component,
burner,BUR-00001,BUR-00001,,DN-00001,component,P-00001,component,,,,,BUI-00001,P-00001,DN-00001,,,01.02.2023,"330,00€",15.01.2023,Eluh,"290,00€",I18N-01391,28.02.2029,600,940,I18N-00107,I18N-00881,I18N-00105,BUI-00001,I18N-00192,DN-00001,I18N-00087,P-00001,"1,00€",12.11.2025,hg653HDi565,component,,,,,,,,,,,,,
circulation_pump,PU-00001,PU-00001,,DN-00001,component,P-00001,component,,,,,BUI-00001,P-00001,DN-00001,,,15.03.2023,#NA_data,01.03.2023,Eluh,"500,00€",I18N-01005,30.03.2029,BUI-00001,PU-00001,#NA_data,I18N-001291,#NA_data,#NA_data,#NA_data,#NA_data,45,14,3600,2200,#NA_data,#NA_data,#NA_data,I18N-001165,PU-00001,circulation_pump,I18N-00203,DN-00001,I18N-00580,P-00001,1,23.03.2025,123k654,component,
exhaust_system,XS-00001,XS-00001,,DN-00001,component,P-00001,component,,,,,BUI-00001,P-00001,DN-00001,,,30.03.2023,#NA_data,15.03.2023,Eluh,#NA_data,I18N-01397,30.03.2029,BUI-00001,XS-00001-01-01,exhaust_system,I18N-00196,DN-00001,I18N-00058,#NA_data,#NA_data,#NA_data,P-00001,#NA_data,component,,,,,,,,,,,,,,,
expansion_tank,XT-00001,XT-00001,,DN-00002,component,P-00001,component,,,,,BUI-00001,P-00001,DN-00002,,,23.03.2023,"560,00€",01.03.2023,Eluh,"600,00€",I18N-01439,01.01.2029,BUI-00001,I18N-00197,<empty>,DN-00002,I18N-01410,I18N-00146,80,I18N-00575,P-00001,124324,23.04.2026,#NA_data,component,,,,,,,,,,,,,,
fitting,F-00001,F-00001,,DN-00002,component,P-00001,component,,,,,BUI-00001,P-00001,DN-00002,,,25.03.2023,"750,00€",01.03.2023,Eluh,"780,00€",#NA_data,12.12.2029,BUI-00001,I18N-00198,DN-00002,I18N-00150,#NA_data,#NA_data,I18N-001493,I18N-001483,I18N-00623,P-00001,#NA_data,component,,,,,,,,,,,,,,,
fuel_tank,FT-00001,FT-00001,,DN-00002,component,P-00001,component,,,,,BUI-00001,P-00001,DN-00002,,,I18N-000868,15.02.2029,31.01.2023,"2.130,00€","2.000,00€",Eluh,15.01.2023,BUI-00001,I18N-00199,DN-00002,I18N-00240,I18N-00162,I18N-00057,2963,lorem ipsum dolor sit amet,I18N-00012,I18N-00541,P-00001,2W81de2048-078e-4357-ad27-3ebe54a07442-fakeJK-2J,1682047883,component,,,,,,,,,,,,,
heat_exchanger,HX-00007,HX-00007,,DN-00002,component,P-00001,component,,,,,BUI-00001,P-00001,DN-00002,,,15.01.2023,"450,00€",01.01.2023,Eluh,"460,00€",I18N-01663,01.01.2029,BUI-00001,I18N-00200,DN-00002,I18N-001634,#NA_data,#NA_data,#NA_data,I18N-001631,#NA_data,#NA_data,#NA_data,#NA_data,I18N-00545,P-00001,#NA_data,component,,,,,,,,,,,
hydraulic_switch,HSW-00001,HSW-00001,,DN-00003,component,P-00002,component,,,,,BUI-00001,P-00002,DN-00003,,,I18N-01633,01.01.2029,01.02.2023,"1.677,00€","2.455,00€",Eluh,15.01.2023,BUI-00001,I18N-00201,DN-00003,#NA_data,I18N-00088,P-00002,jhk,13.02.2025,2W2b2e7ac3-f2ed-4f7c-a29a-4ca7ece528c0-fakeJK-2F,1625848679,component,,,,,,,,,,,,,,,,
thermo_control,TC-00001,TC-00001,,DN-00003,component,P-00002,component,,,,,BUI-00001,P-00002,DN-00003,,,I18N-000868,01.01.2029,15.01.2023,"1.000,00€","980,00€",I18N-00091,01.01.2023,BUI-00001,I18N-00204,DN-00003,I18N-00544,P-00002,1313123213,I18N-00680,I18N-00177,I18N-00658,.,1682047884,component,,,,,,,,,,,,,,,
water_storage,WST-00002,WST-00002,,DN-00003,component,P-00002,component,,,,,BUI-00001,P-00002,DN-00003,,,15.01.2023,"560,00€",01.01.2023,Eluh,"590,00€",I18N-01976,01.01.2029,BUI-00001,I18N-00205,DN-00003,water_storage,I18N-00091,P-00002,1,05.12.2025,#NA_data,#NA_data,#NA_data,I18N-00058,#NA_data,#NA_data,#NA_data,#NA_data,#NA_data,I18N-00167,300,#NA_data,#NA_data,#NA_data,#NA_data,I18N-00168,component,,
pressure_control,PC-00001,PC-00001,,DN-00003,component,P-00002,component,,,,,BUI-00001,P-00002,DN-00003,,,15.01.2023,"450,00€",01.01.2023,Eluh,"460,00€",#NA_data,01.01.2029,BUI-00001,I18N-00202,DN-00003,I18N-00598,P-00002,#NA_data,I18N-00184,I18N-00237,1,12.02.2025,#NA_data,component,,,,,,,,,,,,,,,